username;message;timestamp;userID
_Croun;My shit is mad old;Wednesday, July 31, 2019 1:42 PM;481269390667677697
_Croun;Reverse search it;Wednesday, July 31, 2019 1:42 PM;481269390667677697
_Croun;Then #expose;Wednesday, July 31, 2019 1:42 PM;481269390667677697
gonzo;d;Wednesday, July 31, 2019 1:42 PM;209802617096896512
_Croun;Why dont we have an expose channel wtf;Wednesday, July 31, 2019 1:42 PM;481269390667677697
_Croun;I demand justice;Wednesday, July 31, 2019 1:42 PM;481269390667677697
ğ“™ğ“¸ğ“³ğ“¸;Yeah fr;Wednesday, July 31, 2019 1:42 PM;434847485756833792
ada;alright wiz i send picture;Wednesday, July 31, 2019 1:42 PM;191200316887269376
ada;itâ€™s not from google;Wednesday, July 31, 2019 1:43 PM;191200316887269376
ada;if you laugh iâ€™ll kill you;Wednesday, July 31, 2019 1:43 PM;191200316887269376
Wiz;k;Wednesday, July 31, 2019 1:43 PM;539378617751175180
ğ“™ğ“¸ğ“³ğ“¸;Get clowned on channel;Wednesday, July 31, 2019 1:43 PM;434847485756833792
Wiz;i wont;Wednesday, July 31, 2019 1:43 PM;539378617751175180
_Croun;Int ada like 4'5;Wednesday, July 31, 2019 1:43 PM;481269390667677697
_Croun;*yeets ada*;Wednesday, July 31, 2019 1:43 PM;481269390667677697
ğ“™ğ“¸ğ“³ğ“¸;Ada called me cute on snap;Wednesday, July 31, 2019 1:43 PM;434847485756833792
_Croun;<a:spookydance:598415652956405764>;Wednesday, July 31, 2019 1:43 PM;481269390667677697
Wiz;4'5 in my country is work height;Wednesday, July 31, 2019 1:43 PM;539378617751175180
Wiz;work as in sucking d;Wednesday, July 31, 2019 1:43 PM;539378617751175180
_Croun;Congratulations jojo;Wednesday, July 31, 2019 1:43 PM;481269390667677697
_Croun;Nice wiz;Wednesday, July 31, 2019 1:43 PM;481269390667677697
ğ“™ğ“¸ğ“³ğ“¸;Not really a congratulations;Wednesday, July 31, 2019 1:43 PM;434847485756833792
ğ“™ğ“¸ğ“³ğ“¸;Lmao;Wednesday, July 31, 2019 1:43 PM;434847485756833792
_Croun;Ikr;Wednesday, July 31, 2019 1:44 PM;481269390667677697
_Croun;But whatever;Wednesday, July 31, 2019 1:44 PM;481269390667677697
ada;i sent on snap;Wednesday, July 31, 2019 1:44 PM;191200316887269376
ğ“™ğ“¸ğ“³ğ“¸;;Wednesday, July 31, 2019 1:44 PM;434847485756833792
Wiz;yeah i got it;Wednesday, July 31, 2019 1:44 PM;539378617751175180
Wiz;lemme check something now;Wednesday, July 31, 2019 1:44 PM;539378617751175180
ada;itâ€™s not from google;Wednesday, July 31, 2019 1:44 PM;191200316887269376
ada;bruh;Wednesday, July 31, 2019 1:44 PM;191200316887269376
ğŸŒŠğŸ³ğŸŒŠ;hoes mega mad;Wednesday, July 31, 2019 1:44 PM;559413641355460629
ğ“™ğ“¸ğ“³ğ“¸;On crip;Wednesday, July 31, 2019 1:44 PM;434847485756833792
ğ“™ğ“¸ğ“³ğ“¸;^;Wednesday, July 31, 2019 1:44 PM;434847485756833792
Corazon;;Wednesday, July 31, 2019 1:44 PM;530886909459955740
ğ“™ğ“¸ğ“³ğ“¸;ğŸ¤®;Wednesday, July 31, 2019 1:45 PM;434847485756833792
ada;omg daniel you went to comic con?!;Wednesday, July 31, 2019 1:45 PM;191200316887269376
ada;so cool ğŸ˜ğŸ˜;Wednesday, July 31, 2019 1:45 PM;191200316887269376
_Croun;<:Westbrookwhat:592762750313300047>;Wednesday, July 31, 2019 1:45 PM;481269390667677697
_Croun;Yo lemme in vc;Wednesday, July 31, 2019 1:45 PM;481269390667677697
ğ“™ğ“¸ğ“³ğ“¸;If i lose my game today, i'll post nudes in nsfw;Wednesday, July 31, 2019 1:46 PM;434847485756833792
ğ“™ğ“¸ğ“³ğ“¸;On godğŸ™;Wednesday, July 31, 2019 1:46 PM;434847485756833792
ada;aight bet;Wednesday, July 31, 2019 1:46 PM;191200316887269376
_Croun;;Wednesday, July 31, 2019 1:46 PM;481269390667677697
ada;they better be good;Wednesday, July 31, 2019 1:47 PM;191200316887269376
_Croun;The heat;Wednesday, July 31, 2019 1:47 PM;481269390667677697
ğ“™ğ“¸ğ“³ğ“¸;I got that bbc so its fine;Wednesday, July 31, 2019 1:47 PM;434847485756833792
_Croun;My dick pic is in selys server lol;Wednesday, July 31, 2019 1:47 PM;481269390667677697
ğ“™ğ“¸ğ“³ğ“¸;Lmao;Wednesday, July 31, 2019 1:47 PM;434847485756833792
_Croun;Teaser*;Wednesday, July 31, 2019 1:47 PM;481269390667677697
_Croun;Dick tease;Wednesday, July 31, 2019 1:47 PM;481269390667677697
ada;wiz rated me 10/10;Wednesday, July 31, 2019 1:47 PM;191200316887269376
ada;ğŸ‘€ğŸ‘€ğŸ˜³ğŸ˜³;Wednesday, July 31, 2019 1:47 PM;191200316887269376
ğ“™ğ“¸ğ“³ğ“¸;I rated you higher;Wednesday, July 31, 2019 1:48 PM;434847485756833792
ğ“™ğ“¸ğ“³ğ“¸;You thot;Wednesday, July 31, 2019 1:48 PM;434847485756833792
Wiz;nothing higher than 10/10;Wednesday, July 31, 2019 1:48 PM;539378617751175180
ğ“™ğ“¸ğ“³ğ“¸;I said 11/10;Wednesday, July 31, 2019 1:48 PM;434847485756833792
Wiz;that just doesnt work ğŸ˜„;Wednesday, July 31, 2019 1:49 PM;539378617751175180
ğ“™ğ“¸ğ“³ğ“¸;I broke the system;Wednesday, July 31, 2019 1:49 PM;434847485756833792
Wiz;look man;Wednesday, July 31, 2019 1:49 PM;539378617751175180
Wiz;imagine you got a test;Wednesday, July 31, 2019 1:49 PM;539378617751175180
Wiz;and how u gonna score 11 out of 10 points?;Wednesday, July 31, 2019 1:49 PM;539378617751175180
|dunk|;You break the system;Wednesday, July 31, 2019 1:49 PM;470724978673713152
nxsty;we donâ€™t have nsfw channel lol;Wednesday, July 31, 2019 1:49 PM;478342100123910152
|dunk|;Like he said;Wednesday, July 31, 2019 1:49 PM;470724978673713152
|dunk|;ya dummy;Wednesday, July 31, 2019 1:49 PM;470724978673713152
ğ“™ğ“¸ğ“³ğ“¸;<@478342100123910152> make one;Wednesday, July 31, 2019 1:50 PM;434847485756833792
nxsty;i canâ€™t ğŸ¤¡;Wednesday, July 31, 2019 1:50 PM;478342100123910152
ğ“™ğ“¸ğ“³ğ“¸;Haha;Wednesday, July 31, 2019 1:50 PM;434847485756833792
ğ“™ğ“¸ğ“³ğ“¸;Loser;Wednesday, July 31, 2019 1:50 PM;434847485756833792
ğ“™ğ“¸ğ“³ğ“¸;Bitch call my phone she like ya yaya ya;Wednesday, July 31, 2019 1:51 PM;434847485756833792
nxsty;you donâ€™t even have staff fuck you mean â€œhahaâ€;Wednesday, July 31, 2019 1:51 PM;478342100123910152
nxsty;stay pressed my nigga;Wednesday, July 31, 2019 1:51 PM;478342100123910152
_Croun;<@209802617096896512>;Wednesday, July 31, 2019 1:52 PM;481269390667677697
ğ“™ğ“¸ğ“³ğ“¸;Watch me get staff;Wednesday, July 31, 2019 1:52 PM;434847485756833792
ada;LOL;Wednesday, July 31, 2019 1:52 PM;191200316887269376
ğ“™ğ“¸ğ“³ğ“¸;In a couple days;Wednesday, July 31, 2019 1:52 PM;434847485756833792
ğ“™ğ“¸ğ“³ğ“¸;Watch;Wednesday, July 31, 2019 1:52 PM;434847485756833792
ada;good luck with that bb;Wednesday, July 31, 2019 1:52 PM;191200316887269376
gonzo;going to turn me into da 50;Wednesday, July 31, 2019 1:52 PM;209802617096896512
_Croun;Yees;Wednesday, July 31, 2019 1:52 PM;481269390667677697
ada;actually i got staff soon after i joined here;Wednesday, July 31, 2019 1:52 PM;191200316887269376
ada;<a:bearlove:603022891453251584>;Wednesday, July 31, 2019 1:52 PM;191200316887269376
gonzo;staff is just a role;Wednesday, July 31, 2019 1:53 PM;209802617096896512
ğ“™ğ“¸ğ“³ğ“¸;Feminism;Wednesday, July 31, 2019 1:53 PM;434847485756833792
ada;LOL;Wednesday, July 31, 2019 1:53 PM;191200316887269376
gonzo;names are just words;Wednesday, July 31, 2019 1:53 PM;209802617096896512
_Croun;Girls piss me off;Wednesday, July 31, 2019 1:53 PM;481269390667677697
_Croun;But women;Wednesday, July 31, 2019 1:53 PM;481269390667677697
_Croun;I can tolerate;Wednesday, July 31, 2019 1:53 PM;481269390667677697
ada;which one am i;Wednesday, July 31, 2019 1:53 PM;191200316887269376
gonzo;ononono;Wednesday, July 31, 2019 1:53 PM;209802617096896512
ğ“™ğ“¸ğ“³ğ“¸;<@191200316887269376> make me a sandwich;Wednesday, July 31, 2019 1:53 PM;434847485756833792
_Croun;Ur a fucking girl;Wednesday, July 31, 2019 1:53 PM;481269390667677697
gonzo;OOF;Wednesday, July 31, 2019 1:53 PM;209802617096896512
ada;<@!434847485756833792> ğŸ˜˜ make it yourself youâ€™re my bitch;Wednesday, July 31, 2019 1:54 PM;191200316887269376
ada;anywya;Wednesday, July 31, 2019 1:54 PM;191200316887269376
ğ“™ğ“¸ğ“³ğ“¸;She really did me like that..;Wednesday, July 31, 2019 1:54 PM;434847485756833792
ğ“™ğ“¸ğ“³ğ“¸;Ok;Wednesday, July 31, 2019 1:54 PM;434847485756833792
Wiz;<#571879573436760135>;Wednesday, July 31, 2019 1:54 PM;539378617751175180
_Croun;Damn jojo;Wednesday, July 31, 2019 1:54 PM;481269390667677697
gonzo;mandingo;Wednesday, July 31, 2019 1:55 PM;209802617096896512
ada;gonzo change your name back to gonpai;Wednesday, July 31, 2019 1:56 PM;191200316887269376
ğ“™ğ“¸ğ“³ğ“¸;Fuck, car insurance bill came in;Wednesday, July 31, 2019 1:56 PM;434847485756833792
ada;thatâ€™s what you get;Wednesday, July 31, 2019 1:56 PM;191200316887269376
ada;for telling psychic ada;Wednesday, July 31, 2019 1:56 PM;191200316887269376
ada;to make you a sandwhich;Wednesday, July 31, 2019 1:56 PM;191200316887269376
Wiz;lmao;Wednesday, July 31, 2019 1:56 PM;539378617751175180
Wiz;i want a sandwich;Wednesday, July 31, 2019 1:56 PM;539378617751175180
gonzo;L;Wednesday, July 31, 2019 1:57 PM;209802617096896512
ada;why canâ€™t hot guys join discord;Wednesday, July 31, 2019 1:57 PM;191200316887269376
ğ“™ğ“¸ğ“³ğ“¸;Does anyone know how to transfer money from paypal to debit card?;Wednesday, July 31, 2019 1:57 PM;434847485756833792
ada;like a nice latino;Wednesday, July 31, 2019 1:58 PM;191200316887269376
Wiz;yeah;Wednesday, July 31, 2019 1:58 PM;539378617751175180
ada;with curly hair;Wednesday, July 31, 2019 1:58 PM;191200316887269376
Wiz;theres a button on paypal that does it;Wednesday, July 31, 2019 1:58 PM;539378617751175180
ğ“™ğ“¸ğ“³ğ“¸;I need to pay this dumbass car insurance bill;Wednesday, July 31, 2019 1:58 PM;434847485756833792
ada;bilingual;Wednesday, July 31, 2019 1:58 PM;191200316887269376
Krymena;i agree <@191200316887269376>;Wednesday, July 31, 2019 1:58 PM;407016450809790484
Krymena;or hot girls;Wednesday, July 31, 2019 1:58 PM;407016450809790484
Wiz;or just transfer to ur bank;Wednesday, July 31, 2019 1:58 PM;539378617751175180
ada;ğŸ˜”ğŸ˜”;Wednesday, July 31, 2019 1:58 PM;191200316887269376
ğ“™ğ“¸ğ“³ğ“¸;Idk how;Wednesday, July 31, 2019 1:58 PM;434847485756833792
ada;i mean there are sum hot egirls here ngl they pretty hot;Wednesday, July 31, 2019 1:58 PM;191200316887269376
Wiz;why you care about looks so much? <@191200316887269376>;Wednesday, July 31, 2019 1:58 PM;539378617751175180
Krymena;i agree;Wednesday, July 31, 2019 1:58 PM;407016450809790484
Krymena;<@!458278630393643010>;Wednesday, July 31, 2019 1:58 PM;407016450809790484
ada;<@539378617751175180> <a:pepelove:585736725905801256>;Wednesday, July 31, 2019 1:58 PM;191200316887269376
ğ“™ğ“¸ğ“³ğ“¸;Ye why looks?;Wednesday, July 31, 2019 1:58 PM;434847485756833792
ğ“™ğ“¸ğ“³ğ“¸;ğŸ™;Wednesday, July 31, 2019 1:58 PM;434847485756833792
ada;<a:pepelove:585736725905801256> <a:pepelove:585736725905801256> <a:pepelove:585736725905801256>;Wednesday, July 31, 2019 1:59 PM;191200316887269376
ada;i will call you cute or hot and i will love you as long as youâ€™re nice to me stfu;Wednesday, July 31, 2019 1:59 PM;191200316887269376
Wiz;u never saw me;Wednesday, July 31, 2019 1:59 PM;539378617751175180
ğ“™ğ“¸ğ“³ğ“¸;Honestly i just dont want a retarded ass egirl;Wednesday, July 31, 2019 1:59 PM;434847485756833792
ada;exactly;Wednesday, July 31, 2019 1:59 PM;191200316887269376
ada;but i still love your ass;Wednesday, July 31, 2019 1:59 PM;191200316887269376
ada;anyway;Wednesday, July 31, 2019 1:59 PM;191200316887269376
Wiz;my ass is like a zebra;Wednesday, July 31, 2019 1:59 PM;539378617751175180
Wiz;ğŸ˜„;Wednesday, July 31, 2019 1:59 PM;539378617751175180
ğ“™ğ“¸ğ“³ğ“¸;He could be a pedophile;Wednesday, July 31, 2019 1:59 PM;434847485756833792
ada;oh well;Wednesday, July 31, 2019 2:00 PM;191200316887269376
loserface;all the mods start with a;Wednesday, July 31, 2019 2:00 PM;396473334092660746
Wiz;i could be;Wednesday, July 31, 2019 2:00 PM;539378617751175180
Lemon;;Wednesday, July 31, 2019 2:00 PM;265903698629099521
ada;LOL;Wednesday, July 31, 2019 2:00 PM;191200316887269376
Corazon;;Wednesday, July 31, 2019 2:00 PM;530886909459955740
Lemon;;Wednesday, July 31, 2019 2:00 PM;265903698629099521
ğ“™ğ“¸ğ“³ğ“¸;And wtf im bilingual;Wednesday, July 31, 2019 2:00 PM;434847485756833792
ada;i donâ€™t mind you ainâ€™t gonna kill me or sum;Wednesday, July 31, 2019 2:00 PM;191200316887269376
Lemon;;Wednesday, July 31, 2019 2:00 PM;265903698629099521
ada;iâ€™d kill you first;Wednesday, July 31, 2019 2:00 PM;191200316887269376
Lemon;;Wednesday, July 31, 2019 2:00 PM;265903698629099521
uglyghoul;<:thatsfine:595080389203329044>;Wednesday, July 31, 2019 2:00 PM;491033854409310209
Wiz;doubt that;Wednesday, July 31, 2019 2:00 PM;539378617751175180
ada;stop;Wednesday, July 31, 2019 2:00 PM;191200316887269376
ğ“™ğ“¸ğ“³ğ“¸;I speak english and nigerian on god;Wednesday, July 31, 2019 2:00 PM;434847485756833792
Up;uâ€™re hotter <@!407016450809790484>;Wednesday, July 31, 2019 2:01 PM;458278630393643010
ada;damn really;Wednesday, July 31, 2019 2:01 PM;191200316887269376
Wiz;killed my dad already ğŸ˜„;Wednesday, July 31, 2019 2:01 PM;539378617751175180
ada;wait thatâ€™s so cool;Wednesday, July 31, 2019 2:01 PM;191200316887269376
ada;.;Wednesday, July 31, 2019 2:01 PM;191200316887269376
ada;what;Wednesday, July 31, 2019 2:01 PM;191200316887269376
Wiz;on accident tho;Wednesday, July 31, 2019 2:01 PM;539378617751175180
ada;explain;Wednesday, July 31, 2019 2:01 PM;191200316887269376
ğ“™ğ“¸ğ“³ğ“¸;;Wednesday, July 31, 2019 2:01 PM;434847485756833792
Wiz;i put some chemicals in a bottle and he drank it;Wednesday, July 31, 2019 2:01 PM;539378617751175180
Wiz;without knowing;Wednesday, July 31, 2019 2:01 PM;539378617751175180
gonzo;l;Wednesday, July 31, 2019 2:01 PM;209802617096896512
ada;bro fr??;Wednesday, July 31, 2019 2:01 PM;191200316887269376
ada;what the fuck;Wednesday, July 31, 2019 2:02 PM;191200316887269376
gonzo;i went to a hs next to james in upstate ny;Wednesday, July 31, 2019 2:02 PM;209802617096896512
Wiz;next thing i see he throwing up blood and bleeding from everywhere, asscrack, dick, mouth, eyes, ears, nose;Wednesday, July 31, 2019 2:02 PM;539378617751175180
MaskieZi;bruh;Wednesday, July 31, 2019 2:02 PM;429034216924381204
gonzo;there were rumors he catfished the soccer team into sending him nudes;Wednesday, July 31, 2019 2:02 PM;209802617096896512
Lemon;;Wednesday, July 31, 2019 2:02 PM;265903698629099521
MaskieZi;yes;Wednesday, July 31, 2019 2:02 PM;429034216924381204
ada;wiz you good???;Wednesday, July 31, 2019 2:02 PM;191200316887269376
Wiz;yeah;Wednesday, July 31, 2019 2:02 PM;539378617751175180
Corazon;;Wednesday, July 31, 2019 2:02 PM;530886909459955740
gonzo;>kill;Wednesday, July 31, 2019 2:02 PM;209802617096896512
treehouse-bot;<@209802617096896512> killed themselves. ğŸ’€;Wednesday, July 31, 2019 2:02 PM;595800668745498656
ada;you have nightmares??;Wednesday, July 31, 2019 2:02 PM;191200316887269376
Wiz;nahh;Wednesday, July 31, 2019 2:02 PM;539378617751175180
Wiz;he deserved it;Wednesday, July 31, 2019 2:03 PM;539378617751175180
ğ“™ğ“¸ğ“³ğ“¸;;Wednesday, July 31, 2019 2:03 PM;434847485756833792
Wiz;he drank sodium hydroxide with sulfuric acid;Wednesday, July 31, 2019 2:03 PM;539378617751175180
gonzo;who;Wednesday, July 31, 2019 2:03 PM;209802617096896512
Wiz;my dad;Wednesday, July 31, 2019 2:03 PM;539378617751175180
gonzo;sorry;Wednesday, July 31, 2019 2:03 PM;209802617096896512
Wiz;lol;Wednesday, July 31, 2019 2:03 PM;539378617751175180
ada;why did he deserve it;Wednesday, July 31, 2019 2:03 PM;191200316887269376
Wiz;he tried to kill me when i was young;Wednesday, July 31, 2019 2:03 PM;539378617751175180
gonzo;if it makes you feel any better i was strangled by my mom when i was 7;Wednesday, July 31, 2019 2:04 PM;209802617096896512
Wiz;i couldnt do shit i was like 1 year old at the time;Wednesday, July 31, 2019 2:04 PM;539378617751175180
ada;why did he try to kill you;Wednesday, July 31, 2019 2:04 PM;191200316887269376
ada;why were you strangled by your mom;Wednesday, July 31, 2019 2:04 PM;191200316887269376
ada;yâ€™all have problems tf;Wednesday, July 31, 2019 2:04 PM;191200316887269376
ada;this is crazy;Wednesday, July 31, 2019 2:04 PM;191200316887269376
gonzo;my mom is in jail;Wednesday, July 31, 2019 2:04 PM;209802617096896512
gonzo;i dont talk to her anymore;Wednesday, July 31, 2019 2:05 PM;209802617096896512
ada;damnn;Wednesday, July 31, 2019 2:05 PM;191200316887269376
Wiz;he didnt like me;Wednesday, July 31, 2019 2:05 PM;539378617751175180
Wiz;i was too much;Wednesday, July 31, 2019 2:05 PM;539378617751175180
Wiz;i ate too much food;Wednesday, July 31, 2019 2:05 PM;539378617751175180
ada;you were.. 1...;Wednesday, July 31, 2019 2:05 PM;191200316887269376
Wiz;yeah;Wednesday, July 31, 2019 2:05 PM;539378617751175180
gonzo;that was his reason for not liking you?;Wednesday, July 31, 2019 2:05 PM;209802617096896512
Wiz;then he left me for about 10 years;Wednesday, July 31, 2019 2:05 PM;539378617751175180
Wiz;came back;Wednesday, July 31, 2019 2:06 PM;539378617751175180
Krymena;;Wednesday, July 31, 2019 2:06 PM;407016450809790484
Wiz;first thing i knock his ass out D:;Wednesday, July 31, 2019 2:06 PM;539378617751175180
gonzo;nsfw;Wednesday, July 31, 2019 2:06 PM;209802617096896512
ada;were you charged with anything?;Wednesday, July 31, 2019 2:06 PM;191200316887269376
ada;like how;Wednesday, July 31, 2019 2:06 PM;191200316887269376
Wiz;no;Wednesday, July 31, 2019 2:06 PM;539378617751175180
Wiz;i said it was an accident;Wednesday, July 31, 2019 2:06 PM;539378617751175180
Wiz;when i was 12 he was drunk chasing me with a chainsaw trying to cut me open;Wednesday, July 31, 2019 2:06 PM;539378617751175180
ğ“™ğ“¸ğ“³ğ“¸;;Wednesday, July 31, 2019 2:07 PM;434847485756833792
gonzo;wtf;Wednesday, July 31, 2019 2:07 PM;209802617096896512
ada;what;Wednesday, July 31, 2019 2:07 PM;191200316887269376
ada;why;Wednesday, July 31, 2019 2:07 PM;191200316887269376
Wiz;idfk;Wednesday, July 31, 2019 2:07 PM;539378617751175180
ada;what the hell;Wednesday, July 31, 2019 2:07 PM;191200316887269376
_Croun;Dafuq;Wednesday, July 31, 2019 2:07 PM;481269390667677697
_Croun;I see the white opaque around the gun;Wednesday, July 31, 2019 2:07 PM;481269390667677697
Wiz;i almost got 5 years when i was 13;Wednesday, July 31, 2019 2:07 PM;539378617751175180
SlotBot;Someone just dropped their wallet in this channel! Hurry and pick it up with `.grab` before someone else gets it!;Wednesday, July 31, 2019 2:07 PM;346353957029019648
Wiz;.grab;Wednesday, July 31, 2019 2:07 PM;539378617751175180
SlotBot;;Wednesday, July 31, 2019 2:07 PM;346353957029019648
gonzo;.grab;Wednesday, July 31, 2019 2:07 PM;209802617096896512
SlotBot;There are no wallets to grab right now;Wednesday, July 31, 2019 2:07 PM;346353957029019648
gonzo;fk u;Wednesday, July 31, 2019 2:07 PM;209802617096896512
Wiz;ğŸ˜„;Wednesday, July 31, 2019 2:07 PM;539378617751175180
_Croun;Bro i almost got a felony once in my school, but to be tried as an adult i had to be at least 14, it was August 20, my bday August 30th....and i was 13;Wednesday, July 31, 2019 2:09 PM;481269390667677697
gonzo;lucky;Wednesday, July 31, 2019 2:09 PM;209802617096896512
Wiz;Same :D;Wednesday, July 31, 2019 2:09 PM;539378617751175180
gonzo;i was tried as an adult when i was 17 for hacking University of Rhode Island;Wednesday, July 31, 2019 2:09 PM;209802617096896512
ada;what was the felony;Wednesday, July 31, 2019 2:09 PM;191200316887269376
SlotBot;Someone just dropped their wallet in this channel! Hurry and pick it up with `.grab` before someone else gets it!;Wednesday, July 31, 2019 2:09 PM;346353957029019648
Wiz;.grab;Wednesday, July 31, 2019 2:09 PM;539378617751175180
SlotBot;;Wednesday, July 31, 2019 2:09 PM;346353957029019648
ada;BROOO;Wednesday, July 31, 2019 2:09 PM;191200316887269376
_Croun;Gonzo that suits u;Wednesday, July 31, 2019 2:09 PM;481269390667677697
ada;hacker;Wednesday, July 31, 2019 2:09 PM;191200316887269376
ğ“™ğ“¸ğ“³ğ“¸;ğŸ™;Wednesday, July 31, 2019 2:09 PM;434847485756833792
_Croun;Hackerman;Wednesday, July 31, 2019 2:09 PM;481269390667677697
ada;im not surprised;Wednesday, July 31, 2019 2:09 PM;191200316887269376
Wiz;I almost got jail for cyber terrorism;Wednesday, July 31, 2019 2:09 PM;539378617751175180
gonzo;i told them what info i got and they flipped;Wednesday, July 31, 2019 2:09 PM;209802617096896512
ada;he gonna hack the pentagon;Wednesday, July 31, 2019 2:09 PM;191200316887269376
|dunk|;bruh;Wednesday, July 31, 2019 2:10 PM;470724978673713152
Wiz;And a lot of other stuff;Wednesday, July 31, 2019 2:10 PM;539378617751175180
ada;WHAT WAS THE INFOOOO;Wednesday, July 31, 2019 2:10 PM;191200316887269376
gonzo;student emails:ids:SSH Encrypted passwords;Wednesday, July 31, 2019 2:10 PM;209802617096896512
ada;also when are you gonna gift me some sims 4 expansions;Wednesday, July 31, 2019 2:10 PM;191200316887269376
ada;<a:bearlove:603022891453251584>;Wednesday, July 31, 2019 2:10 PM;191200316887269376
SlotBot;Someone just dropped their wallet in this channel! Hurry and pick it up with `.grab` before someone else gets it!;Wednesday, July 31, 2019 2:10 PM;346353957029019648
ada;.gran;Wednesday, July 31, 2019 2:10 PM;191200316887269376
Wiz;.grab;Wednesday, July 31, 2019 2:10 PM;539378617751175180
SlotBot;;Wednesday, July 31, 2019 2:10 PM;346353957029019648
ada;B;Wednesday, July 31, 2019 2:10 PM;191200316887269376
ada;rug;Wednesday, July 31, 2019 2:10 PM;191200316887269376
ada;bruh;Wednesday, July 31, 2019 2:10 PM;191200316887269376
_Croun;If i own my own company ima pay more than EA just to poach gonzo;Wednesday, July 31, 2019 2:10 PM;481269390667677697
gonzo;poach?;Wednesday, July 31, 2019 2:10 PM;209802617096896512
ada;poach means;Wednesday, July 31, 2019 2:10 PM;191200316887269376
_Croun;*hire*;Wednesday, July 31, 2019 2:11 PM;481269390667677697
_Croun;Recruit;Wednesday, July 31, 2019 2:11 PM;481269390667677697
gonzo;literally u can teach urself how to hack on youtube lol;Wednesday, July 31, 2019 2:11 PM;209802617096896512
ada;take someone away from where they are working;Wednesday, July 31, 2019 2:11 PM;191200316887269376
ada;yeah;Wednesday, July 31, 2019 2:11 PM;191200316887269376
Wiz;I can teach;Wednesday, July 31, 2019 2:11 PM;539378617751175180
ada;where are my;Wednesday, July 31, 2019 2:11 PM;191200316887269376
_Croun;I can learn to code;Wednesday, July 31, 2019 2:11 PM;481269390667677697
Mal;Good morning people;Wednesday, July 31, 2019 2:11 PM;528744159855509505
ada;expansionssss;Wednesday, July 31, 2019 2:11 PM;191200316887269376
MaskieZi;I AM HORNY;Wednesday, July 31, 2019 2:11 PM;429034216924381204
Wiz;5 years experience;Wednesday, July 31, 2019 2:11 PM;539378617751175180
ada;good morning mal;Wednesday, July 31, 2019 2:11 PM;191200316887269376
_Croun;Congratulations;Wednesday, July 31, 2019 2:11 PM;481269390667677697
gonzo;<@191200316887269376> if i get a code itll be for you;Wednesday, July 31, 2019 2:11 PM;209802617096896512
ada;FR ????;Wednesday, July 31, 2019 2:11 PM;191200316887269376
Mal;Low-key it's 2 pm for me ğŸ˜…;Wednesday, July 31, 2019 2:11 PM;528744159855509505
gonzo;yeah idc i dont play sims;Wednesday, July 31, 2019 2:11 PM;209802617096896512
ada;ima cry;Wednesday, July 31, 2019 2:11 PM;191200316887269376
ada;YAY;Wednesday, July 31, 2019 2:11 PM;191200316887269376
_Croun;Its 2pm 4 me;Wednesday, July 31, 2019 2:11 PM;481269390667677697
ada;same;Wednesday, July 31, 2019 2:11 PM;191200316887269376
gonzo;same;Wednesday, July 31, 2019 2:12 PM;209802617096896512
_Croun;2:11;Wednesday, July 31, 2019 2:12 PM;481269390667677697
gonzo;12*;Wednesday, July 31, 2019 2:12 PM;209802617096896512
Mal;2:12;Wednesday, July 31, 2019 2:12 PM;528744159855509505
ada;THANK U GONZO ILY;Wednesday, July 31, 2019 2:12 PM;191200316887269376
Wiz;21:12;Wednesday, July 31, 2019 2:12 PM;539378617751175180
gonzo;welc;Wednesday, July 31, 2019 2:12 PM;209802617096896512
Mal;ğŸ˜;Wednesday, July 31, 2019 2:12 PM;528744159855509505
_Croun;Ok lissen;Wednesday, July 31, 2019 2:12 PM;481269390667677697
ada;tbh i dont like the latest update they did;Wednesday, July 31, 2019 2:12 PM;191200316887269376
Mal;I can't lissen;Wednesday, July 31, 2019 2:12 PM;528744159855509505
ada;and their ads are kinda weird;Wednesday, July 31, 2019 2:12 PM;191200316887269376
Mal;I can only listen;Wednesday, July 31, 2019 2:12 PM;528744159855509505
ada;like the sims ads;Wednesday, July 31, 2019 2:12 PM;191200316887269376
ada;idk ion like em so much they have real people instead;Wednesday, July 31, 2019 2:12 PM;191200316887269376
_Croun;I respect the mal dude;Wednesday, July 31, 2019 2:12 PM;481269390667677697
ada;it makes it feel kinda creepy;Wednesday, July 31, 2019 2:12 PM;191200316887269376
Mal;ğŸ˜‘;Wednesday, July 31, 2019 2:12 PM;528744159855509505
ada;you should tell em that;Wednesday, July 31, 2019 2:12 PM;191200316887269376
Mal;I'm a girl!;Wednesday, July 31, 2019 2:12 PM;528744159855509505
gonzo;sims development is in LA;Wednesday, July 31, 2019 2:13 PM;209802617096896512
gonzo;not orlando;Wednesday, July 31, 2019 2:13 PM;209802617096896512
_Croun;<:422429367608541184:601178472399896602>;Wednesday, July 31, 2019 2:13 PM;481269390667677697
|dunk|;hit her with a fat â€œnvmâ€;Wednesday, July 31, 2019 2:13 PM;470724978673713152
ada;GO CALL EM;Wednesday, July 31, 2019 2:13 PM;191200316887269376
_Croun;Eeww sims;Wednesday, July 31, 2019 2:13 PM;481269390667677697
ada;BE LIKE â€œTHIS 14 YEAR OLD GIRL NO APPROVE PF YOUR STYLEâ€;Wednesday, July 31, 2019 2:13 PM;191200316887269376
_Croun;Ngl it was cool for a while;Wednesday, July 31, 2019 2:13 PM;481269390667677697
Mal;I've already shown my face and proved I'm a female ğŸ˜£;Wednesday, July 31, 2019 2:13 PM;528744159855509505
_Croun;But it just got weird;Wednesday, July 31, 2019 2:13 PM;481269390667677697
gonzo;how;Wednesday, July 31, 2019 2:13 PM;209802617096896512
_Croun;Mal;Wednesday, July 31, 2019 2:13 PM;481269390667677697
Wiz;Is sims on uplay?;Wednesday, July 31, 2019 2:13 PM;539378617751175180
_Croun;Bro;Wednesday, July 31, 2019 2:13 PM;481269390667677697
Mal;Whaaaat;Wednesday, July 31, 2019 2:13 PM;528744159855509505
gonzo;sim city is;Wednesday, July 31, 2019 2:13 PM;209802617096896512
gonzo;p sure;Wednesday, July 31, 2019 2:13 PM;209802617096896512
Wiz;I can get any uplay game;Wednesday, July 31, 2019 2:14 PM;539378617751175180
_Croun;I kept seeing sims porn pop up on YouTube b4 it got all china censored n shit;Wednesday, July 31, 2019 2:14 PM;481269390667677697
_Croun;And it got weird for me;Wednesday, July 31, 2019 2:14 PM;481269390667677697
_Croun;So i stop playin;Wednesday, July 31, 2019 2:14 PM;481269390667677697
Mal;...;Wednesday, July 31, 2019 2:14 PM;528744159855509505
gonzo;the word censor is censored in china;Wednesday, July 31, 2019 2:14 PM;209802617096896512
_Croun;Fax;Wednesday, July 31, 2019 2:14 PM;481269390667677697
Mal;Why would you watch that.. ğŸ˜‚;Wednesday, July 31, 2019 2:14 PM;528744159855509505
SlotBot;Someone just dropped their wallet in this channel! Hurry and pick it up with `.grab` before someone else gets it!;Wednesday, July 31, 2019 2:14 PM;346353957029019648
gonzo;.grab;Wednesday, July 31, 2019 2:14 PM;209802617096896512
SlotBot;;Wednesday, July 31, 2019 2:14 PM;346353957029019648
gonzo;.bal;Wednesday, July 31, 2019 2:15 PM;209802617096896512
SlotBot;;Wednesday, July 31, 2019 2:15 PM;346353957029019648
Mal;Hold up can I rob you;Wednesday, July 31, 2019 2:15 PM;528744159855509505
Mal;.rob <@209802617096896512>;Wednesday, July 31, 2019 2:15 PM;528744159855509505
Mal;Darnit;Wednesday, July 31, 2019 2:15 PM;528744159855509505
gonzo;.pay <@!407016450809790484> 5,847,038,000,056,120;Wednesday, July 31, 2019 2:15 PM;209802617096896512
SlotBot;;Wednesday, July 31, 2019 2:15 PM;346353957029019648
_Croun;SHIIIIIIIIT;Wednesday, July 31, 2019 2:15 PM;481269390667677697
_Croun;.bal;Wednesday, July 31, 2019 2:15 PM;481269390667677697
SlotBot;;Wednesday, July 31, 2019 2:15 PM;346353957029019648
ada;.bal;Wednesday, July 31, 2019 2:15 PM;191200316887269376
SlotBot;;Wednesday, July 31, 2019 2:15 PM;346353957029019648
Mal;.bal;Wednesday, July 31, 2019 2:15 PM;528744159855509505
SlotBot;;Wednesday, July 31, 2019 2:15 PM;346353957029019648
|dunk|;.pay <@209802617096896512> 1000000000000;Wednesday, July 31, 2019 2:15 PM;470724978673713152
SlotBot;;Wednesday, July 31, 2019 2:15 PM;346353957029019648
Mal;Oohh;Wednesday, July 31, 2019 2:15 PM;528744159855509505
_Croun;Big bank take lil bank;Wednesday, July 31, 2019 2:15 PM;481269390667677697
Mal;I'm richhhh;Wednesday, July 31, 2019 2:15 PM;528744159855509505
Krymena;what;Wednesday, July 31, 2019 2:15 PM;407016450809790484
gonzo;dont give me money;Wednesday, July 31, 2019 2:15 PM;209802617096896512
gonzo;im just giving kry everything;Wednesday, July 31, 2019 2:15 PM;209802617096896512
Koya;Welcome to Treehouse, <@603867823860613138>! Grab some <#571868490210869259> to help us get to know you better!;Wednesday, July 31, 2019 2:15 PM;276060004262477825
|dunk|;Iâ€™m goin to jail;Wednesday, July 31, 2019 2:15 PM;470724978673713152
gonzo;.pay <@!407016450809790484>  1,000,000,000,000;Wednesday, July 31, 2019 2:15 PM;209802617096896512
|dunk|;uh-oh;Wednesday, July 31, 2019 2:15 PM;470724978673713152
SlotBot;;Wednesday, July 31, 2019 2:15 PM;346353957029019648
_Croun;Kry is an investment for gonzo...;Wednesday, July 31, 2019 2:16 PM;481269390667677697
|dunk|;.bal;Wednesday, July 31, 2019 2:16 PM;470724978673713152
SlotBot;;Wednesday, July 31, 2019 2:16 PM;346353957029019648
Mal;Welcome hoe;Wednesday, July 31, 2019 2:16 PM;528744159855509505
_Croun;Long term investment kry;Wednesday, July 31, 2019 2:16 PM;481269390667677697
ada;welcomeeee;Wednesday, July 31, 2019 2:16 PM;191200316887269376
_Croun;ğŸ·;Wednesday, July 31, 2019 2:16 PM;481269390667677697
_Croun;Dafuq;Wednesday, July 31, 2019 2:16 PM;481269390667677697
_Croun;If i do nike ID for the lowtop af1s, should I do all red (including the sole)? Or is that just being douchy;Wednesday, July 31, 2019 2:17 PM;481269390667677697
_Croun;Cuz i want red lowtops;Wednesday, July 31, 2019 2:17 PM;481269390667677697
_Croun;But they gotta be perfect;Wednesday, July 31, 2019 2:18 PM;481269390667677697
ada;maybe i should hack expansion packs;Wednesday, July 31, 2019 2:18 PM;191200316887269376
gonzo;l;Wednesday, July 31, 2019 2:25 PM;209802617096896512
Krymena;!warn <@!579095234282258434> spam/flood;Wednesday, July 31, 2019 2:25 PM;407016450809790484
UnbelievaBoat;<:check:338071972476878848> `Case #682` <@579095234282258434> has been warned.;Wednesday, July 31, 2019 2:25 PM;292953664492929025
eco;^;Wednesday, July 31, 2019 2:27 PM;193753004627722240
Lemon;;Wednesday, July 31, 2019 2:28 PM;265903698629099521
Koya;Welcome to Treehouse, <@600673137402839044>! Grab some <#571868490210869259> to help us get to know you better!;Wednesday, July 31, 2019 2:29 PM;276060004262477825
gonzo;ayy;Wednesday, July 31, 2019 2:29 PM;209802617096896512
gonzo;ayy;Wednesday, July 31, 2019 2:29 PM;209802617096896512
eco;Welcome;Wednesday, July 31, 2019 2:33 PM;193753004627722240
gonzo;bruh;Wednesday, July 31, 2019 2:33 PM;209802617096896512
yeetv6.0;Someone say something to cheer me up;Wednesday, July 31, 2019 2:33 PM;521212569915097108
yeetv6.0;Pls;Wednesday, July 31, 2019 2:33 PM;521212569915097108
gonzo;bruh;Wednesday, July 31, 2019 2:33 PM;209802617096896512
yeetv6.0;Pls;Wednesday, July 31, 2019 2:33 PM;521212569915097108
Corazon;Im gonna break;Wednesday, July 31, 2019 2:33 PM;530886909459955740
Corazon;Im gonna break my;Wednesday, July 31, 2019 2:33 PM;530886909459955740
eco;Hand;Wednesday, July 31, 2019 2:33 PM;193753004627722240
Corazon;Gonna break my rusty cage and run;Wednesday, July 31, 2019 2:34 PM;530886909459955740
Corazon;<a:getdicked:541660320406700044>;Wednesday, July 31, 2019 2:34 PM;530886909459955740
gonzo;chicken;Wednesday, July 31, 2019 2:34 PM;209802617096896512
yeetv6.0;hi;Wednesday, July 31, 2019 2:34 PM;521212569915097108
gonzo;hi;Wednesday, July 31, 2019 2:34 PM;209802617096896512
eco;Hi;Wednesday, July 31, 2019 2:34 PM;193753004627722240
ğŸ…±ğŸ…»ğŸ…°ğŸ…²ğŸ…ºğŸ…¼ğŸ…°ğŸ…¸ğŸ…»;Hi;Wednesday, July 31, 2019 2:34 PM;600673137402839044
eco;Hi;Wednesday, July 31, 2019 2:34 PM;193753004627722240
yeetv6.0;WelCome;Wednesday, July 31, 2019 2:34 PM;521212569915097108
eco;Welcome@;Wednesday, July 31, 2019 2:34 PM;193753004627722240
ğŸ…±ğŸ…»ğŸ…°ğŸ…²ğŸ…ºğŸ…¼ğŸ…°ğŸ…¸ğŸ…»;Thnx;Wednesday, July 31, 2019 2:34 PM;600673137402839044
Wiz;My neighbour just caught me hitting the bong;Wednesday, July 31, 2019 2:35 PM;539378617751175180
Wiz;Im confused about what im gonna say;Wednesday, July 31, 2019 2:36 PM;539378617751175180
gonzo;welcome;Wednesday, July 31, 2019 2:36 PM;209802617096896512
Wiz;Welcome;Wednesday, July 31, 2019 2:36 PM;539378617751175180
gonzo;Welcome;Wednesday, July 31, 2019 2:37 PM;209802617096896512
gonzo;both work now;Wednesday, July 31, 2019 2:37 PM;209802617096896512
Koya;Welcome to Treehouse, <@303064858503675907>! Grab some <#571868490210869259> to help us get to know you better!;Wednesday, July 31, 2019 2:38 PM;276060004262477825
Lemon;cringe;Wednesday, July 31, 2019 2:38 PM;265903698629099521
Lemon;d;Wednesday, July 31, 2019 2:38 PM;265903698629099521
Lemon;My cock is hard;Wednesday, July 31, 2019 2:38 PM;265903698629099521
Corazon;Who;Wednesday, July 31, 2019 2:38 PM;530886909459955740
Corazon;Put the reactions;Wednesday, July 31, 2019 2:38 PM;530886909459955740
Corazon;Wtf;Wednesday, July 31, 2019 2:39 PM;530886909459955740
Corazon;There;Wednesday, July 31, 2019 2:39 PM;530886909459955740
gonzo;fixed;Wednesday, July 31, 2019 2:39 PM;209802617096896512
Daddyâ€¢MÃ¤Ã±gÃ¸â€¢;<@!407016450809790484> May I dm?;Wednesday, July 31, 2019 2:40 PM;303064858503675907
Wiz;Help me;Wednesday, July 31, 2019 2:40 PM;539378617751175180
Lemon;LMAO;Wednesday, July 31, 2019 2:40 PM;265903698629099521
Corazon;May i dm;Wednesday, July 31, 2019 2:40 PM;530886909459955740
Lemon;May i dm;Wednesday, July 31, 2019 2:40 PM;265903698629099521
Corazon;;Wednesday, July 31, 2019 2:40 PM;530886909459955740
Daddyâ€¢MÃ¤Ã±gÃ¸â€¢;Itâ€™s respect ğŸ¤·ğŸ»â€â™‚ï¸;Wednesday, July 31, 2019 2:41 PM;303064858503675907
Lemon;u have a small brain;Wednesday, July 31, 2019 2:41 PM;265903698629099521
Corazon;What is the subject of the dm;Wednesday, July 31, 2019 2:41 PM;530886909459955740
Wiz;My neighbour just caught me hitting the bong;Wednesday, July 31, 2019 2:41 PM;539378617751175180
Corazon;Thats epic;Wednesday, July 31, 2019 2:41 PM;530886909459955740
Wiz;No;Wednesday, July 31, 2019 2:41 PM;539378617751175180
Krymena;<@303064858503675907> what for, my dude;Wednesday, July 31, 2019 2:41 PM;407016450809790484
Corazon;Wait;Wednesday, July 31, 2019 2:42 PM;530886909459955740
Daddyâ€¢MÃ¤Ã±gÃ¸â€¢;Partnership;Wednesday, July 31, 2019 2:42 PM;303064858503675907
Lemon;why;Wednesday, July 31, 2019 2:42 PM;265903698629099521
Krymena;I have partnership managers for that;Wednesday, July 31, 2019 2:42 PM;407016450809790484
Daddyâ€¢MÃ¤Ã±gÃ¸â€¢;Trying to grow a server;Wednesday, July 31, 2019 2:42 PM;303064858503675907
Lemon;I have partnership managers for that;Wednesday, July 31, 2019 2:42 PM;265903698629099521
Lemon;Head;Wednesday, July 31, 2019 2:42 PM;265903698629099521
Daddyâ€¢MÃ¤Ã±gÃ¸â€¢;Ah okay;Wednesday, July 31, 2019 2:42 PM;303064858503675907
Krymena;stop that shit <@209802617096896512>;Wednesday, July 31, 2019 2:43 PM;407016450809790484
gonzo;okay okay;Wednesday, July 31, 2019 2:43 PM;209802617096896512
gonzo;k;Wednesday, July 31, 2019 2:44 PM;209802617096896512
gonzo;just testing making sure its gone;Wednesday, July 31, 2019 2:44 PM;209802617096896512
loserface;wise words;Wednesday, July 31, 2019 2:44 PM;396473334092660746
|dunk|;Wise fuckin words;Wednesday, July 31, 2019 2:44 PM;470724978673713152
Corazon;Too bad losers flat;Wednesday, July 31, 2019 2:44 PM;530886909459955740
|dunk|;bruh sound effect;Wednesday, July 31, 2019 2:44 PM;470724978673713152
gonzo;bruh;Wednesday, July 31, 2019 2:44 PM;209802617096896512
loserface;too bad ur gay;Wednesday, July 31, 2019 2:44 PM;396473334092660746
Lemon;Bruh;Wednesday, July 31, 2019 2:45 PM;265903698629099521
Lemon;Bruh;Wednesday, July 31, 2019 2:45 PM;265903698629099521
loserface;bruh;Wednesday, July 31, 2019 2:45 PM;396473334092660746
Lemon;Bruh;Wednesday, July 31, 2019 2:45 PM;265903698629099521
|dunk|;bruh;Wednesday, July 31, 2019 2:45 PM;470724978673713152
loserface;lowercase b;Wednesday, July 31, 2019 2:45 PM;396473334092660746
Lemon;Hurb;Wednesday, July 31, 2019 2:45 PM;265903698629099521
|dunk|;Vruh;Wednesday, July 31, 2019 2:46 PM;470724978673713152
ada;OMG THAT SCARED ME I THOUGHT THAT WAS MY EYE LMFAOOOO;Wednesday, July 31, 2019 2:46 PM;191200316887269376
Corazon;;Wednesday, July 31, 2019 2:46 PM;530886909459955740
Up;wtf;Wednesday, July 31, 2019 2:46 PM;458278630393643010
ada;BRO I REALLY HAD A HEART ATTACK;Wednesday, July 31, 2019 2:46 PM;191200316887269376
gonzo;>info;Wednesday, July 31, 2019 2:50 PM;209802617096896512
treehouse-bot;;Wednesday, July 31, 2019 2:50 PM;595800668745498656
Lemon;;Wednesday, July 31, 2019 2:50 PM;265903698629099521
Wiz;No;Wednesday, July 31, 2019 2:50 PM;539378617751175180
Wiz;Why?;Wednesday, July 31, 2019 2:50 PM;539378617751175180
MaskieZi;sexy;Wednesday, July 31, 2019 2:51 PM;429034216924381204
Lemon;;Wednesday, July 31, 2019 2:51 PM;265903698629099521
Lemon;;Wednesday, July 31, 2019 2:52 PM;265903698629099521
Catharsis;<:oldtownroad:571906421352955914>;Wednesday, July 31, 2019 2:52 PM;419689781572796426
Krymena;^;Wednesday, July 31, 2019 2:52 PM;407016450809790484
gonzo;;Wednesday, July 31, 2019 2:52 PM;209802617096896512
Corazon;;Wednesday, July 31, 2019 2:53 PM;530886909459955740
Catharsis;;Wednesday, July 31, 2019 2:53 PM;419689781572796426
Lemon;;Wednesday, July 31, 2019 2:53 PM;265903698629099521
|dunk|;Thatâ€™s my meme lemon you fat slut;Wednesday, July 31, 2019 2:53 PM;470724978673713152
Lemon;;Wednesday, July 31, 2019 2:54 PM;265903698629099521
|dunk|;Iâ€™ll kiss you no homo;Wednesday, July 31, 2019 2:54 PM;470724978673713152
MaskieZi;same;Wednesday, July 31, 2019 2:54 PM;429034216924381204
Catharsis;Gay;Wednesday, July 31, 2019 2:54 PM;419689781572796426
MaskieZi;no;Wednesday, July 31, 2019 2:54 PM;429034216924381204
SlotBot;Someone just dropped their wallet in this channel! Hurry and pick it up with `.grab` before someone else gets it!;Wednesday, July 31, 2019 2:54 PM;346353957029019648
MaskieZi;.grab;Wednesday, July 31, 2019 2:54 PM;429034216924381204
SlotBot;;Wednesday, July 31, 2019 2:54 PM;346353957029019648
gonzo;;Wednesday, July 31, 2019 2:55 PM;209802617096896512
Lemon;;Wednesday, July 31, 2019 2:55 PM;265903698629099521
Lemon;;Wednesday, July 31, 2019 2:56 PM;265903698629099521
Corazon;;Wednesday, July 31, 2019 2:56 PM;530886909459955740
Lemon;;Wednesday, July 31, 2019 2:57 PM;265903698629099521
MaskieZi;;Wednesday, July 31, 2019 2:57 PM;429034216924381204
Lemon;;Wednesday, July 31, 2019 2:57 PM;265903698629099521
$kank;;Wednesday, July 31, 2019 2:57 PM;450066486103638017
Lemon;;Wednesday, July 31, 2019 2:58 PM;265903698629099521
MaskieZi;;Wednesday, July 31, 2019 2:59 PM;429034216924381204
Catharsis;;Wednesday, July 31, 2019 2:59 PM;419689781572796426
MaskieZi;;Wednesday, July 31, 2019 3:01 PM;429034216924381204
gonzo;<@191200316887269376> did u update ios;Wednesday, July 31, 2019 3:02 PM;209802617096896512
gonzo;there was a beta update;Wednesday, July 31, 2019 3:02 PM;209802617096896512
gonzo;lots of bug fixes;Wednesday, July 31, 2019 3:02 PM;209802617096896512
$kank;I have PPSD;Wednesday, July 31, 2019 3:03 PM;450066486103638017
$kank;Post Penis Stress Disorder;Wednesday, July 31, 2019 3:03 PM;450066486103638017
gonzo;;Wednesday, July 31, 2019 3:04 PM;209802617096896512
loserface;damn :/;Wednesday, July 31, 2019 3:05 PM;396473334092660746
Up;damn nypd;Wednesday, July 31, 2019 3:05 PM;458278630393643010
ada;oh;Wednesday, July 31, 2019 3:07 PM;191200316887269376
ada;i gotta do ur;Wednesday, July 31, 2019 3:07 PM;191200316887269376
ada;it;Wednesday, July 31, 2019 3:07 PM;191200316887269376
gonzo;S10 fortnite tmrw;Wednesday, July 31, 2019 3:10 PM;209802617096896512
loserface;dusty depot is back;Wednesday, July 31, 2019 3:10 PM;396473334092660746
gonzo;how u know;Wednesday, July 31, 2019 3:10 PM;209802617096896512
loserface;trailer;Wednesday, July 31, 2019 3:10 PM;396473334092660746
loserface;and teaser;Wednesday, July 31, 2019 3:10 PM;396473334092660746
gonzo;send;Wednesday, July 31, 2019 3:10 PM;209802617096896512
loserface;;Wednesday, July 31, 2019 3:11 PM;396473334092660746
gonzo;u said theres a trailer?;Wednesday, July 31, 2019 3:11 PM;209802617096896512
Corazon;<a:getdicked:541660320406700044>;Wednesday, July 31, 2019 3:11 PM;530886909459955740
Corazon;Fucked up;Wednesday, July 31, 2019 3:11 PM;530886909459955740
loserface;https://m.youtube.com/watch?v=2rUt9qxohRM;Wednesday, July 31, 2019 3:11 PM;396473334092660746
gonzo;ty;Wednesday, July 31, 2019 3:11 PM;209802617096896512
Catharsis;<@450066486103638017> fix your penis;Wednesday, July 31, 2019 3:12 PM;419689781572796426
SlotBot;Someone just dropped their wallet in this channel! Hurry and pick it up with `.grab` before someone else gets it!;Wednesday, July 31, 2019 3:12 PM;346353957029019648
kelp shake;.grab;Wednesday, July 31, 2019 3:12 PM;445106919175225346
SlotBot;;Wednesday, July 31, 2019 3:12 PM;346353957029019648
gonzo;sooo;Wednesday, July 31, 2019 3:13 PM;209802617096896512
$kank;<@419689781572796426> huh;Wednesday, July 31, 2019 3:13 PM;450066486103638017
gonzo;from what i understand, we going back in time before the meteor?;Wednesday, July 31, 2019 3:13 PM;209802617096896512
Corazon;<a:getdicked:541660320406700044>;Wednesday, July 31, 2019 3:13 PM;530886909459955740
Corazon;She said drop that meat in me just like a shopping cart;Wednesday, July 31, 2019 3:13 PM;530886909459955740
SlotBot;Someone just dropped their wallet in this channel! Hurry and pick it up with `.grab` before someone else gets it!;Wednesday, July 31, 2019 3:13 PM;346353957029019648
Corazon;<a:rave:537068322953494538>;Wednesday, July 31, 2019 3:13 PM;530886909459955740
gonzo;.grab;Wednesday, July 31, 2019 3:13 PM;209802617096896512
SlotBot;;Wednesday, July 31, 2019 3:13 PM;346353957029019648
gonzo;.pay <@!407016450809790484> 233,500,000,000,501!;Wednesday, July 31, 2019 3:13 PM;209802617096896512
SlotBot;;Wednesday, July 31, 2019 3:13 PM;346353957029019648
$kank;People are stupid man;Wednesday, July 31, 2019 3:13 PM;450066486103638017
loserface;idk cause the volcano is still there;Wednesday, July 31, 2019 3:13 PM;396473334092660746
gonzo;hmmm;Wednesday, July 31, 2019 3:14 PM;209802617096896512
loserface;if they bring back prison iâ€™m playing again;Wednesday, July 31, 2019 3:14 PM;396473334092660746
gonzo;?;Wednesday, July 31, 2019 3:14 PM;209802617096896512
loserface;the prison that was near moisty;Wednesday, July 31, 2019 3:15 PM;396473334092660746
gonzo;ohhh;Wednesday, July 31, 2019 3:15 PM;209802617096896512
MEE6;**ğŸ…±ğŸ…»ğŸ…°ğŸ…²ğŸ…ºğŸ…¼ğŸ…°ğŸ…¸ğŸ…»#5702 left**;Wednesday, July 31, 2019 3:15 PM;159985870458322944
eco;F;Wednesday, July 31, 2019 3:16 PM;193753004627722240
loserface;man i used to be so hyped for new seasons;Wednesday, July 31, 2019 3:16 PM;396473334092660746
gonzo;i think epic is gonna go back in time for next few seasons;Wednesday, July 31, 2019 3:16 PM;209802617096896512
gonzo;they went to future already;Wednesday, July 31, 2019 3:16 PM;209802617096896512
gonzo;Â¯\_(ãƒ„)_/Â¯;Wednesday, July 31, 2019 3:16 PM;209802617096896512
loserface;thatâ€™s what the people want;Wednesday, July 31, 2019 3:17 PM;396473334092660746
loserface;prob the only thing thatâ€™ll keep it alive next to competitive;Wednesday, July 31, 2019 3:17 PM;396473334092660746
gonzo;i thought there was supposed to be some robots or some shit in s10;Wednesday, July 31, 2019 3:17 PM;209802617096896512
gonzo;<@!396473334092660746>;Wednesday, July 31, 2019 3:18 PM;209802617096896512
loserface;idej;Wednesday, July 31, 2019 3:18 PM;396473334092660746
loserface;i havenâ€™t kept up with storyline development;Wednesday, July 31, 2019 3:19 PM;396473334092660746
gonzo;ah;Wednesday, July 31, 2019 3:19 PM;209802617096896512
gonzo;did u play s9?;Wednesday, July 31, 2019 3:19 PM;209802617096896512
loserface;iâ€™m glad i never splurge on cosmetics;Wednesday, July 31, 2019 3:19 PM;396473334092660746
loserface;for a little bit;Wednesday, July 31, 2019 3:19 PM;396473334092660746
gonzo;ah;Wednesday, July 31, 2019 3:19 PM;209802617096896512
loserface;imma check my s9 stats;Wednesday, July 31, 2019 3:19 PM;396473334092660746
gonzo;i got all 100 forbites so i got the rare skin;Wednesday, July 31, 2019 3:19 PM;209802617096896512
loserface;whatâ€™s the skin;Wednesday, July 31, 2019 3:20 PM;396473334092660746
gonzo;ill show;Wednesday, July 31, 2019 3:20 PM;209802617096896512
gonzo;;Wednesday, July 31, 2019 3:20 PM;209802617096896512
loserface;oh nice you can remove the mask;Wednesday, July 31, 2019 3:20 PM;396473334092660746
gonzo;u get main skin at 90;Wednesday, July 31, 2019 3:21 PM;209802617096896512
gonzo;95 is armor;Wednesday, July 31, 2019 3:21 PM;209802617096896512
gonzo;100 is mask;Wednesday, July 31, 2019 3:21 PM;209802617096896512
loserface;why do i feel like playing fort <a:MoodSHAKE:447545317001265162>;Wednesday, July 31, 2019 3:21 PM;396473334092660746
gonzo;do et;Wednesday, July 31, 2019 3:21 PM;209802617096896512
loserface;maybe tomorrow;Wednesday, July 31, 2019 3:21 PM;396473334092660746
loserface;i have to redownload it;Wednesday, July 31, 2019 3:21 PM;396473334092660746
gonzo;kk;Wednesday, July 31, 2019 3:22 PM;209802617096896512
loserface;dang;Wednesday, July 31, 2019 3:23 PM;396473334092660746
loserface;the fortnite days were fun;Wednesday, July 31, 2019 3:23 PM;396473334092660746
$kank;^;Wednesday, July 31, 2019 3:23 PM;450066486103638017
loserface;i played with so many cool people;Wednesday, July 31, 2019 3:23 PM;396473334092660746
$kank;But all u guys got boreddd;Wednesday, July 31, 2019 3:23 PM;450066486103638017
loserface;ayla bro;Wednesday, July 31, 2019 3:23 PM;396473334092660746
loserface;we should play again with everyone;Wednesday, July 31, 2019 3:23 PM;396473334092660746
$kank;I would but;Wednesday, July 31, 2019 3:24 PM;450066486103638017
$kank;Theyâ€™re ğŸ¤¡;Wednesday, July 31, 2019 3:24 PM;450066486103638017
$kank;And wont play;Wednesday, July 31, 2019 3:24 PM;450066486103638017
loserface;bruh;Wednesday, July 31, 2019 3:24 PM;396473334092660746
loserface;lame;Wednesday, July 31, 2019 3:24 PM;396473334092660746
$kank;Fr;Wednesday, July 31, 2019 3:24 PM;450066486103638017
Corazon;Im still better than luws;Wednesday, July 31, 2019 3:24 PM;530886909459955740
Corazon;<:hyuhhhh:572790443603918863>;Wednesday, July 31, 2019 3:24 PM;530886909459955740
loserface;bot;Wednesday, July 31, 2019 3:24 PM;396473334092660746
$kank;Ur still more annoying than Luws;Wednesday, July 31, 2019 3:24 PM;450066486103638017
$kank;<:hyuhhhh:572790443603918863>;Wednesday, July 31, 2019 3:24 PM;450066486103638017
Corazon;<:hahaa:559673675033477120>;Wednesday, July 31, 2019 3:24 PM;530886909459955740
loserface;berry play fort;Wednesday, July 31, 2019 3:25 PM;396473334092660746
Corazon;Sure;Wednesday, July 31, 2019 3:25 PM;530886909459955740
Lemon;;Wednesday, July 31, 2019 3:25 PM;265903698629099521
Corazon;If yall dont rage so much <:hyuhhhh:572790443603918863>;Wednesday, July 31, 2019 3:25 PM;530886909459955740
gonzo;lkol;Wednesday, July 31, 2019 3:25 PM;209802617096896512
loserface;i donâ€™t rage i destroy;Wednesday, July 31, 2019 3:25 PM;396473334092660746
loserface;bots;Wednesday, July 31, 2019 3:25 PM;396473334092660746
loserface;ğŸ˜;Wednesday, July 31, 2019 3:25 PM;396473334092660746
Corazon;You guys get mad all the time at little shit and complain so I stopped playing <:hyuhhhh:572790443603918863>;Wednesday, July 31, 2019 3:25 PM;530886909459955740
SlotBot;Someone just dropped their wallet in this channel! Hurry and pick it up with `.grab` before someone else gets it!;Wednesday, July 31, 2019 3:25 PM;346353957029019648
gonzo;i make bots;Wednesday, July 31, 2019 3:26 PM;209802617096896512
Lemon;.grab;Wednesday, July 31, 2019 3:26 PM;265903698629099521
SlotBot;;Wednesday, July 31, 2019 3:26 PM;346353957029019648
gonzo;treehouse is my baby;Wednesday, July 31, 2019 3:26 PM;209802617096896512
Corazon;And i got bored;Wednesday, July 31, 2019 3:26 PM;530886909459955740
loserface;<:angerysad:537430235554250783>;Wednesday, July 31, 2019 3:26 PM;396473334092660746
Lemon;god damn my dick is so small;Wednesday, July 31, 2019 3:26 PM;265903698629099521
gonzo;sam;Wednesday, July 31, 2019 3:26 PM;209802617096896512
$kank;<@!407016450809790484>;Wednesday, July 31, 2019 3:30 PM;450066486103638017
Corazon;Peepo my spotify;Wednesday, July 31, 2019 3:30 PM;530886909459955740
Krymena;?;Wednesday, July 31, 2019 3:33 PM;407016450809790484
$kank;He said that uhh;Wednesday, July 31, 2019 3:34 PM;450066486103638017
$kank;Today;Wednesday, July 31, 2019 3:34 PM;450066486103638017
$kank;U were talking about us;Wednesday, July 31, 2019 3:34 PM;450066486103638017
$kank;Saying that u wanna get rid of us;Wednesday, July 31, 2019 3:34 PM;450066486103638017
Krymena;the ss wont load;Wednesday, July 31, 2019 3:34 PM;407016450809790484
$kank;Oh;Wednesday, July 31, 2019 3:34 PM;450066486103638017
$kank;Lemme hold on;Wednesday, July 31, 2019 3:35 PM;450066486103638017
Catharsis;Ehh thats not what she meant but ok;Wednesday, July 31, 2019 3:35 PM;419689781572796426
gonzo;Forearms are key to big arms;Wednesday, July 31, 2019 3:36 PM;209802617096896512
$kank;"Sesco: She said she doesnt want anybody
Ayla: We solved everything yesterday
Sesco: Nothing is solved
Ayla: When did she tell u
Sesco: Today, an hour ago. She doesnt want anybody";Wednesday, July 31, 2019 3:36 PM;450066486103638017
Krymena;imagine believing what sesco says and taking it as fact;Wednesday, July 31, 2019 3:36 PM;407016450809790484
DeslexicTurtle;;Wednesday, July 31, 2019 3:36 PM;263116775850377218
Elite;yui  kiss <@&584446208270008339>;Wednesday, July 31, 2019 3:37 PM;538006094346190848
Yui;<@538006094346190848>, You provided an invalid member. Type **only** the member again...;Wednesday, July 31, 2019 3:37 PM;280497242714931202
Krymena;!ban <@538006094346190848> underage;Wednesday, July 31, 2019 3:37 PM;407016450809790484
UnbelievaBoat;<:check:338071972476878848> `Case #683` <@538006094346190848> has been banned.;Wednesday, July 31, 2019 3:37 PM;292953664492929025
Yui;<@538006094346190848>, Command timed out.;Wednesday, July 31, 2019 3:37 PM;280497242714931202
Koya;<@538006094346190848> doesn't feel so good...;Wednesday, July 31, 2019 3:37 PM;276060004262477825
MEE6;**Elite#9915 left**;Wednesday, July 31, 2019 3:37 PM;159985870458322944
Corazon;He just turned 13;Wednesday, July 31, 2019 3:37 PM;530886909459955740
ğŸŒŠğŸ³ğŸŒŠ;LMFAO;Wednesday, July 31, 2019 3:37 PM;559413641355460629
Corazon;And came back;Wednesday, July 31, 2019 3:37 PM;530886909459955740
Corazon;Thats why he was innactive for so long;Wednesday, July 31, 2019 3:38 PM;530886909459955740
SlotBot;Someone just dropped their wallet in this channel! Hurry and pick it up with `.grab` before someone else gets it!;Wednesday, July 31, 2019 3:38 PM;346353957029019648
Krymena;I doubt hes 13;Wednesday, July 31, 2019 3:38 PM;407016450809790484
Lemon;he was 13 lmao;Wednesday, July 31, 2019 3:38 PM;265903698629099521
Krymena;.grab;Wednesday, July 31, 2019 3:38 PM;407016450809790484
SlotBot;;Wednesday, July 31, 2019 3:38 PM;346353957029019648
gonzo;he just turned 13;Wednesday, July 31, 2019 3:38 PM;209802617096896512
Krymena;ive known that kid for a hot minute;Wednesday, July 31, 2019 3:38 PM;407016450809790484
DeslexicTurtle;;Wednesday, July 31, 2019 3:38 PM;263116775850377218
Ferd;Looks like a nutsack in Florida Weather;Wednesday, July 31, 2019 3:44 PM;276726610521096192
gonzo;^;Wednesday, July 31, 2019 3:47 PM;209802617096896512
Up;sesco tryna cause drama <@450066486103638017>;Wednesday, July 31, 2019 3:49 PM;458278630393643010
gonzo;How;Wednesday, July 31, 2019 3:51 PM;209802617096896512
Up;doesnâ€™t concern u.;Wednesday, July 31, 2019 3:52 PM;458278630393643010
$kank;I know;Wednesday, July 31, 2019 3:52 PM;450066486103638017
$kank;Im not calling kry a liar dw;Wednesday, July 31, 2019 3:52 PM;450066486103638017
$kank;I shouldnt have put it in general;Wednesday, July 31, 2019 3:52 PM;450066486103638017
$kank;I just wanted to ask her about it;Wednesday, July 31, 2019 3:53 PM;450066486103638017
Up;no ik iâ€™m just making it known;Wednesday, July 31, 2019 3:53 PM;458278630393643010
Up;heâ€™s being weird rn;Wednesday, July 31, 2019 3:53 PM;458278630393643010
gonzo;then done put it in <#571851329753055264> lol <@!458278630393643010>;Wednesday, July 31, 2019 3:55 PM;209802617096896512
Krymena;that was her whole point lmao... to not put it in general <@!209802617096896512>;Wednesday, July 31, 2019 3:56 PM;407016450809790484
gonzo;dont mention it in lounge in the first place lol;Wednesday, July 31, 2019 3:56 PM;209802617096896512
gonzo;dm it;Wednesday, July 31, 2019 3:57 PM;209802617096896512
SlotBot;Someone just dropped their wallet in this channel! Hurry and pick it up with `.grab` before someone else gets it!;Wednesday, July 31, 2019 3:57 PM;346353957029019648
Ferd;.grab;Wednesday, July 31, 2019 3:58 PM;276726610521096192
SlotBot;;Wednesday, July 31, 2019 3:58 PM;346353957029019648
Ferd;Yoted;Wednesday, July 31, 2019 3:58 PM;276726610521096192
Krymena;that was her POINT <@!209802617096896512>;Wednesday, July 31, 2019 3:59 PM;407016450809790484
Krymena;stay out of it dude;Wednesday, July 31, 2019 3:59 PM;407016450809790484
Krymena;you dont even know what youre talking about;Wednesday, July 31, 2019 3:59 PM;407016450809790484
Wiz;Lolol;Wednesday, July 31, 2019 4:03 PM;539378617751175180
Up;stop trying to start shit you wonâ€™t be able to finish . because it wonâ€™t take much for me to say just to hurt your feelings so if i were you iâ€™d not even.. <@!209802617096896512>;Wednesday, July 31, 2019 4:04 PM;458278630393643010
Up;now take your depressed lonesome ass on sir;Wednesday, July 31, 2019 4:04 PM;458278630393643010
loserface;woah;Wednesday, July 31, 2019 4:04 PM;396473334092660746
Corazon;Take this to dms not general;Wednesday, July 31, 2019 4:04 PM;530886909459955740
loserface;last part was unnecessary;Wednesday, July 31, 2019 4:05 PM;396473334092660746
Corazon;^;Wednesday, July 31, 2019 4:05 PM;530886909459955740
Up;leave me alone thanks <@!530886909459955740>;Wednesday, July 31, 2019 4:05 PM;458278630393643010
Up;idc;Wednesday, July 31, 2019 4:05 PM;458278630393643010
Wiz;<:pepestab:604681426880692234>;Wednesday, July 31, 2019 4:05 PM;539378617751175180
Wiz;<:slicypepe:572110795375116297>;Wednesday, July 31, 2019 4:05 PM;539378617751175180
Krymena;okay okay no beef you three;Wednesday, July 31, 2019 4:05 PM;407016450809790484
Wiz;<a:jedi:581985971478986772>;Wednesday, July 31, 2019 4:06 PM;539378617751175180
Krymena;<:angwy:547416797230399516>;Wednesday, July 31, 2019 4:06 PM;407016450809790484
Corazon;Bruh i aint saying nothing;Wednesday, July 31, 2019 4:06 PM;530886909459955740
Corazon;<a:getdicked:541660320406700044>;Wednesday, July 31, 2019 4:06 PM;530886909459955740
loserface;<a:HamzDance:585608298586177713>;Wednesday, July 31, 2019 4:06 PM;396473334092660746
Lemon;so no head;Wednesday, July 31, 2019 4:06 PM;265903698629099521
loserface;chillin;Wednesday, July 31, 2019 4:06 PM;396473334092660746
Wiz;<:pepehang:604681426981486612>;Wednesday, July 31, 2019 4:06 PM;539378617751175180
Corazon;So no head?;Wednesday, July 31, 2019 4:06 PM;530886909459955740
Corazon;Ight;Wednesday, July 31, 2019 4:06 PM;530886909459955740
Corazon;Imma headout <:sadcat:560316521008594944>;Wednesday, July 31, 2019 4:06 PM;530886909459955740
-ğ™¹ğšğš•ğš•ğš’-;<:pain:495696231172145162>;Wednesday, July 31, 2019 4:06 PM;453276169941286933
Corazon;Give me head to give me life;Wednesday, July 31, 2019 4:06 PM;530886909459955740
Krymena;no head so you cant head out;Wednesday, July 31, 2019 4:06 PM;407016450809790484
SlotBot;Someone just dropped their wallet in this channel! Hurry and pick it up with `.grab` before someone else gets it!;Wednesday, July 31, 2019 4:06 PM;346353957029019648
Wiz;<a:HomerHide:587843574536732673>;Wednesday, July 31, 2019 4:06 PM;539378617751175180
Krymena;.grab;Wednesday, July 31, 2019 4:06 PM;407016450809790484
SlotBot;;Wednesday, July 31, 2019 4:06 PM;346353957029019648
Wiz;<a:ditto:604802314502537251>;Wednesday, July 31, 2019 4:06 PM;539378617751175180
Krymena;sukith my dik;Wednesday, July 31, 2019 4:06 PM;407016450809790484
Wiz;<:Doggo_wink:587842380938477589> <a:aniblobpopcorn:587843488427802634> <a:8383_ohwow:574070485369749514>;Wednesday, July 31, 2019 4:06 PM;539378617751175180
Wiz;<a:slow:605865501947592714>;Wednesday, July 31, 2019 4:07 PM;539378617751175180
nxsty;going take shower;Wednesday, July 31, 2019 4:07 PM;478342100123910152
nxsty;bai;Wednesday, July 31, 2019 4:07 PM;478342100123910152
Wiz;<a:slow:605865501947592714> <a:slow:605865501947592714>;Wednesday, July 31, 2019 4:07 PM;539378617751175180
nxsty;no;Wednesday, July 31, 2019 4:07 PM;478342100123910152
DeslexicTurtle;Kry grow up lmao;Wednesday, July 31, 2019 4:07 PM;263116775850377218
nxsty;ok bye;Wednesday, July 31, 2019 4:07 PM;478342100123910152
Wiz;<a:slow:605865501947592714> <a:slow:605865501947592714> <a:slow:605865501947592714> <a:slow:605865501947592714> <a:slow:605865501947592714> <a:slow:605865501947592714>;Wednesday, July 31, 2019 4:07 PM;539378617751175180
Wiz;<:emoji_1:592178962122145842>;Wednesday, July 31, 2019 4:07 PM;539378617751175180
Koya;Welcome to Treehouse, <@603061969267982355>! Grab some <#571868490210869259> to help us get to know you better!;Wednesday, July 31, 2019 4:07 PM;276060004262477825
Wiz;<a:slow:605865501947592714> <a:slow:605865501947592714> <a:slow:605865501947592714> <a:slow:605865501947592714> <a:slow:605865501947592714> <a:slow:605865501947592714>;Wednesday, July 31, 2019 4:07 PM;539378617751175180
$kank;Welcome;Wednesday, July 31, 2019 4:08 PM;450066486103638017
loserface;ay welcome;Wednesday, July 31, 2019 4:08 PM;396473334092660746
MEE6;**MCMelonHead_NJ#4917 left**;Wednesday, July 31, 2019 4:08 PM;159985870458322944
Wiz;Welcome to join us if you can you can ask for it to be black and white one of my favorite movies a couple of weeks ago and it has been a very busy time for you to come home and we will go from it all over the place for you guys to come over the place with my chemistry is the best cannabis and he asked me to do you have to be at school tomorrow so I can get the point that you are ğŸ˜ŠğŸ˜ŠğŸ˜ŠğŸ˜ğŸ‘ğŸ’ªğŸ’ªğŸ˜ŠğŸ‘ğŸ‘ğŸ˜ğŸ˜€ğŸ˜ğŸ‘ gold ğŸ˜ğŸ˜ğŸ˜€ğŸ˜‰ğŸ˜;Wednesday, July 31, 2019 4:08 PM;539378617751175180
Sely ğŸ‘âœ¨;ğŸ†;Wednesday, July 31, 2019 4:12 PM;569939329162543105
$kank;Hi selyyy;Wednesday, July 31, 2019 4:12 PM;450066486103638017
Sely ğŸ‘âœ¨;Hey;Wednesday, July 31, 2019 4:12 PM;569939329162543105
Sely ğŸ‘âœ¨;Iâ€™m logging out of this acct brb;Wednesday, July 31, 2019 4:12 PM;569939329162543105
Koya;Welcome to Treehouse, <@588314295977115678>! Grab some <#571868490210869259> to help us get to know you better!;Wednesday, July 31, 2019 4:14 PM;276060004262477825
Chris Hansen á¶ Ê³áµ’áµ á´°áµƒáµ—áµ‰Ë¡á¶¦â¿áµ‰ á´ºá´®á¶œ;I just woke up and its pouring;Wednesday, July 31, 2019 4:14 PM;400121512205615105
s e l y ğŸ¥¶;Donâ€™t ban me cuz yâ€™all muted me for mad hours;Wednesday, July 31, 2019 4:14 PM;588314295977115678
s e l y ğŸ¥¶;Not cool;Wednesday, July 31, 2019 4:14 PM;588314295977115678
Wiz;ye dont ban him;Wednesday, July 31, 2019 4:14 PM;539378617751175180
ada;she;Wednesday, July 31, 2019 4:15 PM;191200316887269376
ada;LMFAOOO;Wednesday, July 31, 2019 4:15 PM;191200316887269376
s e l y ğŸ¥¶;Iâ€™m not a boy ğŸ’€;Wednesday, July 31, 2019 4:15 PM;588314295977115678
Wiz;sorry;Wednesday, July 31, 2019 4:15 PM;539378617751175180
ada;BRUHHHHH;Wednesday, July 31, 2019 4:15 PM;191200316887269376
s e l y ğŸ¥¶;Itâ€™s fine;Wednesday, July 31, 2019 4:15 PM;588314295977115678
Wiz;im a little higher than usual;Wednesday, July 31, 2019 4:15 PM;539378617751175180
s e l y ğŸ¥¶;^;Wednesday, July 31, 2019 4:15 PM;588314295977115678
s e l y ğŸ¥¶;The guy that fixed my phone is so hot;Wednesday, July 31, 2019 4:15 PM;588314295977115678
Wiz;hey;Wednesday, July 31, 2019 4:15 PM;539378617751175180
Wiz;i fix phones;Wednesday, July 31, 2019 4:15 PM;539378617751175180
Wiz;i fix computers too;Wednesday, July 31, 2019 4:15 PM;539378617751175180
Wiz;you can find my ad on facebook;Wednesday, July 31, 2019 4:16 PM;539378617751175180
Chris Hansen á¶ Ê³áµ’áµ á´°áµƒáµ—áµ‰Ë¡á¶¦â¿áµ‰ á´ºá´®á¶œ;Find me on tinder;Wednesday, July 31, 2019 4:16 PM;400121512205615105
SlotBot;Someone just dropped their wallet in this channel! Hurry and pick it up with `.grab` before someone else gets it!;Wednesday, July 31, 2019 4:16 PM;346353957029019648
Wiz;.grab;Wednesday, July 31, 2019 4:16 PM;539378617751175180
SlotBot;;Wednesday, July 31, 2019 4:16 PM;346353957029019648
Wiz;no;Wednesday, July 31, 2019 4:16 PM;539378617751175180
ada;SELY DONT U HAVE A GUY;Wednesday, July 31, 2019 4:17 PM;191200316887269376
s e l y ğŸ¥¶;I broke up with him;Wednesday, July 31, 2019 4:17 PM;588314295977115678
s e l y ğŸ¥¶;<@539378617751175180> kk;Wednesday, July 31, 2019 4:17 PM;588314295977115678
s e l y ğŸ¥¶;HMU boo;Wednesday, July 31, 2019 4:17 PM;588314295977115678
Up;<:sadclown:584626753390247936>;Wednesday, July 31, 2019 4:17 PM;458278630393643010
